Mumbai,Barrett L. Miranda
Mumbai,Barrett L. Miranda
Mumbai,Barrett L. Miranda
Mumbai,Barrett L. Miranda
Mumbai,Rogan Y. David
Mumbai,Rogan Y. David
Mumbai,Rogan Y. David
Mumbai,Rogan Y. David
Bangalore,Maryam I. Carroll
Bangalore,Maryam I. Carroll
Bangalore,Maryam I. Carroll
Bangalore,Maryam I. Carroll
Bangalore,Maryam I. Carroll
Bangalore,Elliott H. Tillman
Bangalore,Sonia D. Brooks
Mumbai,Hedy H. Cain
Mumbai,Quyn Y. Macias
Mumbai,Quyn Y. Macias
Mumbai,Quyn Y. Macias
Mumbai,Quyn Y. Macias
Mumbai,Quyn Y. Macias
Mumbai,Quyn Y. Macias
Bangalore,Donovan X. Kane
Bangalore,Donovan X. Kane
Mumbai,Hannah S. Mclaughlin
Bangalore,Aretha S. Conley
Bangalore,Aretha S. Conley
Bangalore,Aretha S. Conley
Bangalore,Aretha S. Conley
Bangalore,Aretha S. Conley
Bangalore,Aretha S. Conley
Mumbai,Hayley X. West
Mumbai,Barry E. Gould
Mumbai,Russell T. Compton
Mumbai,Russell T. Compton
Mumbai,Russell T. Compton
Mumbai,Russell T. Compton
Mumbai,Russell T. Compton
Mumbai,Russell T. Compton
Mumbai,Russell T. Compton
Mumbai,Russell T. Compton
Mumbai,Russell T. Compton
Mumbai,Russell T. Compton
Mumbai,Russell T. Compton
Mumbai,Jasper L. Wilkinson
Mumbai,Jasper L. Wilkinson
Bangalore,Fitzgerald X. Rhodes
Bangalore,Dante X. Hayden
Mumbai,Tashya M. Oneill
Bangalore,Emerson E. Vang
Bangalore,Emerson E. Vang
Bangalore,Emerson E. Vang
Bangalore,Emerson E. Vang
Bangalore,Emerson E. Vang
Bangalore,Emerson E. Vang
Bangalore,Ursa X. Rich
Bangalore,Ursa X. Rich
Bangalore,Galvin V. Porter
Bangalore,Galvin V. Porter
Mumbai,Francesca J. Weiss
Bangalore,Demetria Q. Porter
Mumbai,Aidan R. Bryant
Bangalore,Carissa N. Benton
Bangalore,Carissa N. Benton
Bangalore,Jeremy W. Hodge
Bangalore,Jeremy W. Hodge
Bangalore,Jeremy W. Hodge
Bangalore,Jeremy W. Hodge
Bangalore,Jeremy W. Hodge
Bangalore,Jeremy W. Hodge
Bangalore,Jeremy W. Hodge
Bangalore,Jeremy W. Hodge
Bangalore,Jeremy W. Hodge
Bangalore,Jeremy W. Hodge
Mumbai,Kermit E. Bernard
Mumbai,Inga F. Boyer
Mumbai,Myra Z. Grant
Mumbai,Myra Z. Grant
Bangalore,Raven U. Lang
Bangalore,Kevin G. Goodwin
Bangalore,Kevin G. Goodwin
Bangalore,Kevin G. Goodwin
Bangalore,Kevin G. Goodwin
Bangalore,Kevin G. Goodwin
Bangalore,Kevin G. Goodwin
Bangalore,Kevin G. Goodwin
Bangalore,Kevin G. Goodwin
Bangalore,Kevin G. Goodwin
Bangalore,Shay W. Barber
Bangalore,Shay W. Barber
Bangalore,Shay W. Barber
Bangalore,Shay W. Barber
Bangalore,Shay W. Barber
Bangalore,Shay W. Barber
Bangalore,Shay W. Barber
Bangalore,Shay W. Barber
Bangalore,Shay W. Barber
Bangalore,Shay W. Barber
Bangalore,Shay W. Barber
Mumbai,Benedict F. Blake
Mumbai,Benedict F. Blake
Mumbai,Benedict F. Blake
Mumbai,Benedict F. Blake
Mumbai,Benedict F. Blake
Mumbai,Benedict F. Blake
Mumbai,Benedict F. Blake
Mumbai,Benedict F. Blake
Mumbai,Sasha Z. Hester
Mumbai,Kalia V. West
Bangalore,Norman Y. Oneill
Mumbai,Hunter D. Duffy
Mumbai,Hunter D. Duffy
Mumbai,Hunter D. Duffy
Mumbai,Hunter D. Duffy
Mumbai,Hunter D. Duffy
Mumbai,Hunter D. Duffy
Mumbai,Hunter D. Duffy
Mumbai,Hunter D. Duffy
Mumbai,Barbara C. Harrington
Mumbai,Clementine A. Gilliam
Mumbai,Sheila X. Guerrero
Mumbai,Britanney U. Whitney
Mumbai,Adam E. Russell
Mumbai,Len S. Nicholson
Bangalore,Paloma N. Daniels
Mumbai,Aubrey Y. Bray
Mumbai,Odessa F. Langley
Mumbai,Odessa F. Langley
Mumbai,Odessa F. Langley
Mumbai,Odessa F. Langley
Bangalore,Elton V. Raymond
Bangalore,Kennedy E. Brennan
Bangalore,Kennedy E. Brennan
Mumbai,Katell T. Hodges
Mumbai,Katell T. Hodges
Mumbai,Katell T. Hodges
Mumbai,Katell T. Hodges
Bangalore,Xavier N. Mcdowell
Mumbai,Lila M. Weaver
Mumbai,Leilani U. Houston
Mumbai,Leilani U. Houston
Mumbai,Leilani U. Houston
Bangalore,Callie S. Valentine
Bangalore,Kuame H. Singleton
Bangalore,Kuame H. Singleton
Bangalore,Kuame H. Singleton
Bangalore,Kuame H. Singleton
Bangalore,Kuame H. Singleton
Bangalore,Kuame H. Singleton
Bangalore,Kuame H. Singleton
Bangalore,Kuame H. Singleton
Bangalore,Kuame H. Singleton
Bangalore,Kuame H. Singleton
Mumbai,Cheyenne R. Jennings
Mumbai,Cheyenne R. Jennings
Mumbai,Reese P. Hines
Mumbai,Zorita C. Sloan
Bangalore,Quamar P. Pollard
Bangalore,Quamar P. Pollard
Bangalore,Ava Y. Mccarthy
Bangalore,Ava Y. Mccarthy
Bangalore,Ava Y. Mccarthy
Bangalore,Ava Y. Mccarthy
Bangalore,Ava Y. Mccarthy
Bangalore,Ava Y. Mccarthy
Mumbai,Dante H. Reed
Mumbai,Dante H. Reed
Mumbai,Dante H. Reed
Mumbai,Dante H. Reed
Mumbai,Hector O. Chase
Mumbai,Hector O. Chase
Mumbai,Hector O. Chase
Mumbai,Hector O. Chase
Bangalore,Malcolm T. Carney
Bangalore,Malcolm T. Carney
Bangalore,Malcolm T. Carney
Bangalore,Malcolm T. Carney
Bangalore,Malcolm T. Carney
Bangalore,Malcolm T. Carney
Bangalore,Malcolm T. Carney
Bangalore,Malcolm T. Carney
Bangalore,Malcolm T. Carney
Bangalore,Malcolm T. Carney
Bangalore,Malcolm T. Carney
Bangalore,Lane M. Zimmerman
Mumbai,Freya D. Hampton
Mumbai,Freya D. Hampton
Mumbai,Freya D. Hampton
Mumbai,Freya D. Hampton
Mumbai,Freya D. Hampton
Mumbai,Kuame D. Duncan
Bangalore,Sarah V. Donaldson
Bangalore,Sarah V. Donaldson
Bangalore,Shoshana Z. Lyons
Bangalore,Shoshana Z. Lyons
Bangalore,Shoshana Z. Lyons
Bangalore,Shoshana Z. Lyons
Bangalore,Shoshana Z. Lyons
Mumbai,Byron M. Hinton
Bangalore,Hyacinth X. Guerra
Bangalore,Hyacinth X. Guerra
Bangalore,Yuli C. Harding
Bangalore,Yuli C. Harding
Bangalore,Yuli C. Harding
Bangalore,Yuli C. Harding
Bangalore,Yuli C. Harding
Bangalore,Yuli C. Harding
Bangalore,Yuli C. Harding
Bangalore,Yuli C. Harding
Bangalore,Yuli C. Harding
Bangalore,Yuli C. Harding
Mumbai,Reese X. Vargas
Bangalore,Yardley C. Nicholson
Mumbai,Yolanda G. Patrick
Bangalore,Alice F. Duffy
Mumbai,Maggy L. Wiggins
Mumbai,Maggy L. Wiggins
Mumbai,Maggy L. Wiggins
Mumbai,Maggy L. Wiggins
Mumbai,Maggy L. Wiggins
Mumbai,Maggy L. Wiggins
Mumbai,Maggy L. Wiggins
Bangalore,Bruno C. Guy
Bangalore,Ariel O. Barlow
Bangalore,Ariel O. Barlow
Bangalore,Ariel O. Barlow
Bangalore,Ariel O. Barlow
Bangalore,Ariel O. Barlow
Bangalore,Ariel O. Barlow
Bangalore,Stella M. Nieves
Bangalore,Kevin Z. Vaughn
Bangalore,Kevin Z. Vaughn
Bangalore,Kevin Z. Vaughn
Bangalore,Kevin Z. Vaughn
Bangalore,Kevin Z. Vaughn
Bangalore,Kevin Z. Vaughn
Bangalore,Kevin Z. Vaughn
Bangalore,Kevin Z. Vaughn
Bangalore,Kevin Z. Vaughn
Bangalore,Kevin Z. Vaughn
Bangalore,Kevin Z. Vaughn
Bangalore,Kevin Z. Vaughn
Bangalore,Kevin Z. Vaughn
Bangalore,Kevin Z. Vaughn
Bangalore,Neil B. Hensley
Bangalore,Neil B. Hensley
Bangalore,Gay J. Cortez
Bangalore,Scarlett N. Hodge
Mumbai,Margaret T. Roy
Mumbai,Margaret T. Roy
Mumbai,Lamar W. Alston
Bangalore,Drake V. Hewitt
Bangalore,Drake V. Hewitt
Mumbai,Oliver N. Sutton
Mumbai,Oliver N. Sutton
Mumbai,Oliver N. Sutton
Mumbai,Oliver N. Sutton
Mumbai,Otto G. Cotton
Mumbai,Otto G. Cotton
Mumbai,Chastity M. Snow
Mumbai,Chastity M. Snow
Mumbai,Chastity M. Snow
Mumbai,Chastity M. Snow
Mumbai,Chastity M. Snow
Mumbai,Chastity M. Snow
Bangalore,Fuller W. Griffin
Bangalore,Tana E. Nelson
Bangalore,Tana E. Nelson
Bangalore,Tana E. Nelson
Bangalore,Tana E. Nelson
Bangalore,Tana E. Nelson
Bangalore,Tana E. Nelson
Mumbai,Rudyard M. Harrington
Mumbai,Mary V. Walters
Bangalore,Channing O. Heath
Bangalore,Channing O. Heath
Bangalore,Channing O. Heath
Bangalore,Channing O. Heath
Bangalore,Channing O. Heath
Bangalore,Channing O. Heath
Mumbai,Xerxes W. Guthrie
Mumbai,Xena C. Espinoza
Bangalore,Leo A. Lynn
Bangalore,Leo A. Lynn
Mumbai,Chester P. Zamora
Bangalore,Timon P. Townsend
Bangalore,Hector M. Bass
Mumbai,Chester U. Lawrence
Mumbai,Chester U. Lawrence
Mumbai,Chester U. Lawrence
Mumbai,Chester U. Lawrence
Bangalore,Aphrodite P. Matthews
Bangalore,Aphrodite P. Matthews
Bangalore,Aphrodite P. Matthews
Bangalore,Aphrodite P. Matthews
Bangalore,Aphrodite P. Matthews
Bangalore,Aphrodite P. Matthews
Bangalore,Aphrodite P. Matthews
Bangalore,Aphrodite P. Matthews
Bangalore,Aphrodite P. Matthews
Bangalore,Yuli Z. Pratt
Bangalore,Yuli Z. Pratt
Bangalore,Yuli Z. Pratt
Bangalore,Yuli Z. Pratt
Bangalore,Yuli Z. Pratt
Bangalore,Yuli Z. Pratt
Bangalore,Yuli Z. Pratt
Bangalore,Yuli Z. Pratt
Bangalore,Yuli Z. Pratt
Bangalore,Yuli Z. Pratt
Bangalore,Yuli Z. Pratt
Bangalore,Yuli Z. Pratt
Bangalore,Yuli Z. Pratt
Bangalore,Yuli Z. Pratt
Bangalore,Yuli Z. Pratt
Bangalore,Yuli Z. Pratt
Bangalore,Yuli Z. Pratt
Bangalore,Yuli Z. Pratt
Bangalore,Dorian J. Deleon
Bangalore,Dorian J. Deleon
Bangalore,Dorian J. Deleon
Bangalore,Dorian J. Deleon
Bangalore,Dorian J. Deleon
Bangalore,Jessica Y. Gonzalez
Bangalore,Jael R. Hayes
Mumbai,Amela X. Henson
Mumbai,Amela X. Henson
Mumbai,Dorian G. Benson
Mumbai,Giacomo C. Haney
Mumbai,Gareth O. Bender
Mumbai,Gareth O. Bender
Mumbai,Gareth O. Bender
Mumbai,Gareth O. Bender
Bangalore,Conan H. Tate
Mumbai,Timothy N. Banks
Mumbai,Timothy N. Banks
Mumbai,Timothy N. Banks
Mumbai,Timothy N. Banks
Mumbai,Timothy N. Banks
Mumbai,Timothy N. Banks
Mumbai,Timothy N. Banks
Mumbai,Timothy N. Banks
Mumbai,Timothy N. Banks
Mumbai,Timothy N. Banks
Mumbai,Upton V. Simmons
Mumbai,Upton V. Simmons
Mumbai,Upton V. Simmons
Mumbai,Upton V. Simmons
Mumbai,Upton V. Simmons
Mumbai,Upton V. Simmons
Mumbai,Upton V. Simmons
Mumbai,Upton V. Simmons
Mumbai,Rajah C. Lott
Bangalore,Luke U. Wilson
Bangalore,Luke U. Wilson
Bangalore,Luke U. Wilson
Bangalore,Luke U. Wilson
Bangalore,Luke U. Wilson
Bangalore,Luke U. Wilson
Bangalore,Luke U. Wilson
Bangalore,Luke U. Wilson
Bangalore,Luke U. Wilson
Bangalore,Luke U. Wilson
Bangalore,Luke U. Wilson
Bangalore,Noah R. Aguilar
Bangalore,Noah R. Aguilar
Mumbai,Drake T. Peters
Bangalore,Melyssa G. Mcfarland
Bangalore,Melyssa G. Mcfarland
Mumbai,Martha U. Roman
Bangalore,Garrison I. Rocha
Bangalore,Garrison I. Rocha
Bangalore,Garrison I. Rocha
Bangalore,Garrison I. Rocha
Bangalore,Garrison I. Rocha
Bangalore,Bert L. Reynolds
Bangalore,Bert L. Reynolds
Bangalore,Bert L. Reynolds
Bangalore,Bert L. Reynolds
Bangalore,Bert L. Reynolds
Bangalore,Bert L. Reynolds
Bangalore,Bert L. Reynolds
Bangalore,Bert L. Reynolds
Bangalore,Bert L. Reynolds
Bangalore,Bert L. Reynolds
Bangalore,Timon X. Kaufman
Bangalore,Timon X. Kaufman
Bangalore,Vance A. Fleming
Bangalore,Vance A. Fleming
Bangalore,Vance A. Fleming
Bangalore,Vance A. Fleming
Bangalore,Vance A. Fleming
Mumbai,Ifeoma E. Nichols
Mumbai,Ifeoma E. Nichols
Mumbai,Ifeoma E. Nichols
Mumbai,Ifeoma E. Nichols
Mumbai,Ifeoma E. Nichols
Mumbai,Ifeoma E. Nichols
Mumbai,Ifeoma E. Nichols
Mumbai,Ifeoma E. Nichols
Bangalore,Kelsie H. Bond
Bangalore,Kelsie H. Bond
Bangalore,Kelsie H. Bond
Bangalore,Kelsie H. Bond
Bangalore,Kelsie H. Bond
Bangalore,Kelsie H. Bond
Bangalore,Kelsie H. Bond
Bangalore,Kelsie H. Bond
Bangalore,Kelsie H. Bond
Bangalore,Kelsie H. Bond
Bangalore,Kelsie H. Bond
Bangalore,Mohammad S. Brock
Bangalore,Tarik M. Griffin
Bangalore,Yolanda Z. Acosta
Bangalore,Yolanda Z. Acosta
Bangalore,Yolanda Z. Acosta
Bangalore,Yolanda Z. Acosta
Bangalore,Yolanda Z. Acosta
Bangalore,Yolanda Z. Acosta
Mumbai,Preston Z. Oliver
Mumbai,Preston Z. Oliver
Mumbai,Preston Z. Oliver
Bangalore,Colin G. Mercado
Mumbai,Lana Y. Snider
Mumbai,Lana Y. Snider
Mumbai,Lana Y. Snider
Mumbai,Stacy B. Simon
Bangalore,Neve H. Jacobson
Bangalore,Neve H. Jacobson
Bangalore,Neve H. Jacobson
Bangalore,Neve H. Jacobson
Bangalore,Neve H. Jacobson
Bangalore,Neve H. Jacobson
Bangalore,Neve H. Jacobson
Bangalore,Neve H. Jacobson
Bangalore,Neve H. Jacobson
Bangalore,Neve H. Jacobson
Bangalore,Neve H. Jacobson
Bangalore,Neve H. Jacobson
Bangalore,Neve H. Jacobson
Bangalore,Inga D. Olson
Mumbai,Brennan E. Mckinney
Mumbai,Kelly P. Kinney
Mumbai,Kelly P. Kinney
Mumbai,Kelly P. Kinney
Mumbai,Kelly P. Kinney
Mumbai,Kelly P. Kinney
Mumbai,Nelle G. Bell
Mumbai,Nelle G. Bell
Mumbai,Marshall N. Thompson
Bangalore,Pandora Y. Richardson
Mumbai,Justina J. Cherry
Mumbai,Justina J. Cherry
Mumbai,Justina J. Cherry
Mumbai,Isadora U. Ward
Mumbai,Isadora U. Ward
Mumbai,Isadora U. Ward
Mumbai,Isadora U. Ward
Mumbai,Isadora U. Ward
Mumbai,Isadora U. Ward
Mumbai,Isadora U. Ward
Mumbai,Isadora U. Ward
Mumbai,Isadora U. Ward
Bangalore,Timon A. Moon
Mumbai,Odysseus P. Wolf
Bangalore,Uriel Y. Osborn
Mumbai,Price G. Gonzales
Mumbai,Octavius X. Roth
Mumbai,Octavius X. Roth
Mumbai,Lacota E. Harper
Mumbai,Lacota E. Harper
Mumbai,Lacota E. Harper
Mumbai,Lacota E. Harper
Mumbai,Illana L. Briggs
Bangalore,Madeline S. Clements
Bangalore,Madeline S. Clements
Bangalore,Madeline S. Clements
Bangalore,Madeline S. Clements
Bangalore,Madeline S. Clements
Bangalore,Roth R. Bruce
Bangalore,Solomon M. Kerr
Bangalore,Solomon M. Kerr
Bangalore,Solomon M. Kerr
Bangalore,Solomon M. Kerr
Bangalore,Solomon M. Kerr
Bangalore,Solomon M. Kerr
Bangalore,Solomon M. Kerr
Bangalore,Solomon M. Kerr
Bangalore,Solomon M. Kerr
Bangalore,Solomon M. Kerr
Bangalore,Solomon M. Kerr
Bangalore,Solomon M. Kerr
Bangalore,Solomon M. Kerr
Bangalore,Solomon M. Kerr
Mumbai,Miranda X. Wells
Mumbai,Miranda X. Wells
Mumbai,Ramona L. Butler
Mumbai,Ramona L. Butler
Mumbai,Ramona L. Butler
Mumbai,Neve R. Gray
Bangalore,Callie S. Myers
Bangalore,Callie S. Myers
Bangalore,Aimee Y. Gardner
Bangalore,Illiana X. Alexander
Bangalore,Illiana X. Alexander
Bangalore,Illiana X. Alexander
Bangalore,Illiana X. Alexander
Bangalore,Illiana X. Alexander
Bangalore,Illiana X. Alexander
Bangalore,Illiana X. Alexander
Bangalore,Illiana X. Alexander
Bangalore,Illiana X. Alexander
Bangalore,Illiana X. Alexander
Bangalore,Lacota X. Whitfield
Bangalore,Portia B. Noel
Bangalore,Kelsey E. Riddle
Bangalore,Kelsey E. Riddle
Bangalore,Kelsey E. Riddle
Bangalore,Kelsey E. Riddle
Bangalore,Kelsey E. Riddle
Bangalore,Kelsey E. Riddle
Bangalore,Evangeline Y. Serrano
Bangalore,Evangeline Y. Serrano
Bangalore,Evangeline Y. Serrano
Bangalore,Evangeline Y. Serrano
Bangalore,Evangeline Y. Serrano
Bangalore,Ulric D. Mcbride
Mumbai,Dominique M. Leach
Mumbai,Dominique M. Leach
Mumbai,Dominique M. Leach
Mumbai,Dominique M. Leach
Mumbai,Dominique M. Leach
Mumbai,Dominique M. Leach
Mumbai,Dominique M. Leach
Mumbai,Dominique M. Leach
Mumbai,Dominique M. Leach
Mumbai,Dominique M. Leach
Bangalore,Shay N. Reeves
Bangalore,Shay N. Reeves
Mumbai,Alec B. Ayers
Mumbai,Alec B. Ayers
Mumbai,Alec B. Ayers
Bangalore,Richard W. Compton
Bangalore,Tara M. Wright
Bangalore,Mara T. Roy
Bangalore,Mara T. Roy
Mumbai,Alec A. Daugherty
Mumbai,Alec A. Daugherty
Mumbai,Alec A. Daugherty
Mumbai,Alec A. Daugherty
Mumbai,Benjamin O. Davidson
Mumbai,Benjamin O. Davidson
Mumbai,Benjamin O. Davidson
Mumbai,Benjamin O. Davidson
Mumbai,Benjamin O. Davidson
Mumbai,Kibo Y. Barnett
Bangalore,Tad X. French
Mumbai,Quinlan K. Rasmussen
Mumbai,Axel S. Carey
Bangalore,Burton O. Maddox
Mumbai,Hayden D. Noel
Mumbai,Hayden D. Noel
Mumbai,Rebecca X. Oneal
Mumbai,Rebecca X. Oneal
Mumbai,Rebecca X. Oneal
Mumbai,Caleb H. Mcmahon
Mumbai,Stephanie U. Mills
Bangalore,Jared H. Herman
Mumbai,Heidi Q. Riley
Mumbai,Heidi Q. Riley
Mumbai,Heidi Q. Riley
Mumbai,Heidi Q. Riley
Mumbai,Courtney U. Justice
Bangalore,Armand Q. Green
Bangalore,Armand Q. Green
Bangalore,Armand Q. Green
Bangalore,Armand Q. Green
Bangalore,Armand Q. Green
Mumbai,Driscoll I. Deleon
Bangalore,Leah P. Baxter
Mumbai,Daryl F. Slater
Mumbai,Colin S. Hunter
Mumbai,Colin S. Hunter
Mumbai,Colin S. Hunter
Mumbai,Colin S. Hunter
Bangalore,Laurel L. Conner
Bangalore,Laurel L. Conner
Bangalore,Laurel L. Conner
Bangalore,Laurel L. Conner
Bangalore,Laurel L. Conner
Bangalore,Laurel L. Conner
Bangalore,Laurel L. Conner
Bangalore,Laurel L. Conner
Bangalore,Laurel L. Conner
Bangalore,Linus H. Hanson
Bangalore,Omar T. Pugh
Bangalore,Omar T. Pugh
Bangalore,Omar T. Pugh
Bangalore,Omar T. Pugh
Bangalore,Omar T. Pugh
Bangalore,Omar T. Pugh
Bangalore,Aline N. Beard
Bangalore,Aline N. Beard
Mumbai,Zephr E. Conner
Mumbai,Myra E. Bennett
Mumbai,Myra E. Bennett
Mumbai,Myra E. Bennett
Mumbai,Myra E. Bennett
Mumbai,Myra E. Bennett
Mumbai,Myra E. Bennett
Mumbai,Barclay O. Valentine
Bangalore,Flynn T. Dorsey
Bangalore,Flynn T. Dorsey
Bangalore,Ruth E. Ewing
Bangalore,Ruth E. Ewing
Bangalore,Tanek S. Lester
Bangalore,Tanek S. Lester
Bangalore,Alma R. Leon
Bangalore,Holmes R. Thompson
Mumbai,Alea L. Albert
Mumbai,Alea L. Albert
Mumbai,Alea L. Albert
Mumbai,Alea L. Albert
Mumbai,Marvin G. Guy
Mumbai,Marvin G. Guy
Mumbai,Marvin G. Guy
Mumbai,Marvin G. Guy
Mumbai,Marvin G. Guy
Mumbai,Marvin G. Guy
Mumbai,Marvin G. Guy
Bangalore,Zia E. Ratliff
Bangalore,Zia E. Ratliff
Bangalore,Zia E. Ratliff
Bangalore,Zia E. Ratliff
Bangalore,Zia E. Ratliff
Bangalore,Zia E. Ratliff
Bangalore,Zia E. Ratliff
Bangalore,Zia E. Ratliff
Bangalore,Zia E. Ratliff
Bangalore,Zia E. Ratliff
